Keyword,Name,Header_image,Rating,Rating_count,Price_range,Category,Detail_URL,Tags,Address,Located_in,Current_status,Next_status,Scraped_at,Open_hours,Latitude,Longitude,Plus_code,Website,Phone,Review_keyword1,Review_keyword2,Review_keyword3,Review_keyword4,Review_keyword5,Review_keyword6,Review_keyword7,Review_keyword8,Review_keyword9,Review_keyword10
Austin TX - guitar repair ,Straight Frets Guitar Service,https://lh5.googleusercontent.com/p/AF1QipM4RfReKqRrFmHGqrLJtVlOafCc-sc_5PXP5rgK=w408-h307-k-no,4.8,88,,חנות לתיקון כלי נגינה,https://www.google.com/maps/place/Straight+Frets+Guitar+Service/data=!4m7!3m6!1s0x8644b521f5492d83:0x6002dd8e022c62ba!8m2!3d30.2262294!4d-97.7624467!16s%2Fg%2F1jkvm5m09!19sChIJgy1J9SG1RIYRumIsAo7dAmA?authuser=0&hl=iw&rclk=1," 
""For me, the answer was indeed the staff of Straightfrets in Austin, TX.""","3720 S Congress Ave #C, Austin, TX 78704, ארצות הברית",,המקום סגור,ייפתח ביום יום ג׳ בשעה 10:30,2023-09-03 22:55:39,יום ראשוןסגוריום שני(יום העבודה)סגור שעות פתיחה בחגיום שלישי10:30–18:00יום רביעי10:30–18:00יום חמישי10:30–16:00יום שישי10:30–18:00יום שבת9:30–12:30,30.2262294,-97.7624467,"66GQ+F2 אוסטין, טקסס, ארצות הברית",http://www.straightfrets.com/,+1 512-626-4694,,,,,,,,,,
Austin TX - guitar repair ,South Austin Guitar Repair,https://lh5.googleusercontent.com/p/AF1QipPmcbrzf944Js_bH8EwOKfbZU3u37a2PqR3qeoR=w408-h306-k-no,4.7,41,,חנות לתיקון כלי נגינה,https://www.google.com/maps/place/South+Austin+Guitar+Repair/data=!4m7!3m6!1s0x8644cba517c2c7db:0xdfbd2fe9458d4b28!8m2!3d30.4536773!4d-97.7786688!16s%2Fg%2F1tg5chhf!19sChIJ28fCF6XLRIYRKEuNRekvvd8?authuser=0&hl=iw&rclk=1,,"12706 Sherbourne St, Austin, TX 78729, ארצות הברית",,המקום סגור,ייפתח ביום יום ב׳ בשעה 10:00,2023-09-03 22:55:43,יום ראשוןסגוריום שני(יום העבודה)10:00–17:00 ייתכנו שינויים בשעותיום שלישי10:00–17:00יום רביעי10:00–5:00יום חמישי10:00–17:00יום שישי10:00–17:00יום שבתסגור,30.4536773,-97.7786688,"F63C+FG אוסטין, טקסס, ארצות הברית",http://www.southaustinguitarrepair.com/,+1 512-590-1225,,,,,,,,,,
Austin TX - guitar repair ,Landis Guitars,https://lh5.googleusercontent.com/p/AF1QipN02dr7aO_f2r-He1cNP49wTQy_8VDBtIdSdrsn=w408-h544-k-no,5.0,37,,חנות לתיקון כלי נגינה,https://www.google.com/maps/place/Landis+Guitars/data=!4m7!3m6!1s0x8644b5cc18eedd5d:0xd1979a27699716fa!8m2!3d30.2573161!4d-97.7257578!16s%2Fg%2F11b6dkbvnv!19sChIJXd3uGMy1RIYR-haXaSeal9E?authuser=0&hl=iw&rclk=1," 
""I don't even live in Austin, but I'm happy to drive two hours so I can ...""","1717 E Cesar Chavez St, Austin, TX 78702, ארצות הברית",,+1 480-323-9259,,2023-09-03 22:55:47,,30.2573161,-97.7257578,"774F+WM אוסטין, טקסס, ארצות הברית",http://landisguitars.com/,+1 480-323-9259,,,,,,,,,,
Austin TX - guitar repair ,ATX GUITARWORKS,https://lh5.googleusercontent.com/p/AF1QipNyx5L2RGraDslqCQ2Cp0u2p2pLINOFzgFQknss=w408-h408-k-no,4.7,20,,חנות לתיקון כלי נגינה,https://www.google.com/maps/place/ATX+GUITARWORKS/data=!4m7!3m6!1s0x865b4b40ce0e0a9f:0x5e9f83f487dcbc9b!8m2!3d30.2243386!4d-97.8019423!16s%2Fg%2F11btrr29fd!19sChIJnwoOzkBLW4YRm7zch_SDn14?authuser=0&hl=iw&rclk=1,,"2605 Jones Rd #101, Austin, TX 78745, ארצות הברית",,המקום סגור,ייפתח ביום יום ב׳ בשעה 11:00,2023-09-03 22:55:51,יום ראשוןסגוריום שני(יום העבודה)11:00–19:00 ייתכנו שינויים בשעותיום שלישי11:00–19:00יום רביעי11:00–19:00יום חמישי11:00–19:00יום שישי11:00–19:00יום שבתסגור,30.2243386,-97.8019423,"65FX+P6 אוסטין, טקסס, ארצות הברית",,+1 512-800-5410,,,,,,,,,,
Austin TX - guitar repair ,Mythic Guitar Company,https://lh5.googleusercontent.com/p/AF1QipNOdlVXcObw_cbAE9yhbZIT8-moPDTpK7LPCYNk=w408-h873-k-no,4.8,120,,חנות לתיקון כלי נגינה,https://www.google.com/maps/place/Mythic+Guitar+Company/data=!4m7!3m6!1s0x8644cf62bb91b15d:0xd3f351c41bb5a27e!8m2!3d30.4307349!4d-97.683443!16s%2Fg%2F11h5s1p4mh!19sChIJXbGRu2LPRIYRfqK1G8RR89M?authuser=0&hl=iw&rclk=1," 
""It's great having a reliable luthier north of Austin. I recommend!""
 
הזמנה באינטרנט","1914 W Howard Ln # B, Austin, TX 78728, ארצות הברית",,פתוח 24 שעות,,2023-09-03 22:55:55,יום ראשוןפתוח 24 שעותיום שני(יום העבודה)פתוח 24 שעות ייתכנו שינויים בשעותיום שלישיפתוח 24 שעותיום רביעיפתוח 24 שעותיום חמישיפתוח 24 שעותיום שישיפתוח 24 שעותיום שבתפתוח 24 שעות,30.4307349,-97.683443,"C8J8+7J אוסטין, טקסס, ארצות הברית",https://www.mythicguitars.com/?utm_source=omg-gbp&utm_medium=webclick,+1 512-402-5195,,,,,,,,,,
Austin TX - guitar repair ,Rock It Science Guitar Repair,https://lh5.googleusercontent.com/p/AF1QipO99L96en8IFWkxigHxeX2gLnLPFZuNyLTYXCQr=w426-h240-k-no,5.0,35,,חנות לתיקון כלי נגינה,https://www.google.com/maps/place/Rock+It+Science+Guitar+Repair/data=!4m7!3m6!1s0x865b4c99fb5afde5:0x2df38d75bbb5235f!8m2!3d30.191906!4d-97.8116956!16s%2Fg%2F11csb071sq!19sChIJ5f1a-5lMW4YRXyO1u3WN8y0?authuser=0&hl=iw&rclk=1," 
""One of the best in Austin and highly recommend--prices are very ...""","7915 Menchaca Rd, Austin, TX 78745, ארצות הברית",נמצא בתוך: Space ATX,המקום סגור,ייפתח ביום יום ג׳ בשעה 12:00,2023-09-03 22:55:58,יום ראשוןסגוריום שני(יום העבודה)סגור ייתכנו שינויים בשעותיום שלישי12:00–18:00יום רביעי12:00–18:00יום חמישי12:00–18:00יום שישי12:00–18:00יום שבת10:00–16:00,30.191906,-97.8116956,"55RQ+Q8 אוסטין, טקסס, ארצות הברית",http://rockitscienceguitars.com/,+1 512-770-0232,,,,,,,,,,
Austin TX - guitar repair ,Tone I/O - Guitar Amplifiers and Effects - Amp Repair Services and Sales,https://lh5.googleusercontent.com/p/AF1QipOTdqA8gPAFxJqKuZZyKuLAOKD92kzIm6W1cYkX=w408-h247-k-no,4.9,52,,חנות לתיקון מוצרים אלקטרוניים,https://www.google.com/maps/place/Tone+I%2FO+-+Guitar+Amplifiers+and+Effects+-+Amp+Repair+Services+and+Sales/data=!4m7!3m6!1s0x8644cb923dbcbeb9:0x58dcc33a23d4b904!8m2!3d30.3785629!4d-97.7243987!16s%2Fg%2F11hd6lqjkj!19sChIJub68PZLLRIYRBLnUIzrD3Fg?authuser=0&hl=iw&rclk=1," 
""Adrian is the best in Austin!!!! Been sending customers his way for ...""","9514 McNeil Rd #103, Austin, TX 78758, ארצות הברית",,המקום סגור,ייפתח ביום יום ג׳ בשעה 11:00,2023-09-03 22:56:02,יום ראשוןסגוריום שני(יום העבודה)סגור שעות פתיחה בחגיום שלישי11:00–18:00יום רביעי11:00–18:00יום חמישי11:00–18:00יום שישי11:00–18:00יום שבת11:00–14:00,30.3785629,-97.7243987,"97HG+C6 אוסטין, טקסס, ארצות הברית",https://www.toneio.com/,+1 512-852-8663,,,,,,,,,,
Austin TX - guitar repair ,Austin Vintage Guitars,https://lh5.googleusercontent.com/p/AF1QipPOSQwppCkGaXmqhl-v6-13WVE2ozsDPKAgbba_=w408-h669-k-no,4.7,325,,חנות גיטרות,https://www.google.com/maps/place/Austin+Vintage+Guitars/data=!4m7!3m6!1s0x8644ca545a9655d9:0xad753072d486c073!8m2!3d30.3026788!4d-97.7212585!16s%2Fg%2F11xr_8_dq!19sChIJ2VWWWlTKRIYRc8CG1HIwda0?authuser=0&hl=iw&rclk=1," 
קנייה בחנות
·
איסוף עצמי בחנות","4306 Red River St, Austin, TX 78751, ארצות הברית",,המקום סגור,ייפתח ביום יום ב׳ בשעה 11:00,2023-09-03 22:56:06,יום ראשוןסגוריום שני(יום העבודה)11:00–17:00 ייתכנו שינויים בשעותיום שלישי11:00–17:00יום רביעי11:00–17:00יום חמישי11:00–17:00יום שישי11:00–17:00יום שבת11:00–17:00,30.3026788,-97.7212585,"873H+3F אוסטין, טקסס, ארצות הברית",http://austinvintageguitars.com/,+1 512-428-9100,,,,,,,,,,
Austin TX - guitar repair ,Austin Guitar House,https://lh5.googleusercontent.com/p/AF1QipMH1FQ0qRgAX8KGMAGKjG7DcGRvkjG9x0RByE0u=w493-h240-k-no,4.8,119,,חנות לכלי נגינה,https://www.google.com/maps/place/Austin+Guitar+House/data=!4m7!3m6!1s0x8644cbaeaaaaaaab:0xbdb84a2d91a970ed!8m2!3d30.2726733!4d-97.7285927!16s%2Fg%2F1tg_gfs6!19sChIJq6qqqq7LRIYR7XCpkS1KuL0?authuser=0&hl=iw&rclk=1," 
קנייה בחנות
·
איסוף מחוץ לחנות","1104 E 12th St, Austin, TX 78702, ארצות הברית",,המקום סגור,ייפתח ביום יום ג׳ בשעה 12:00,2023-09-03 22:56:10,יום ראשוןסגוריום שני(יום העבודה)סגור ייתכנו שינויים בשעותיום שלישי12:00–18:00יום רביעי12:00–18:00יום חמישי12:00–18:00יום שישי12:00–18:00יום שבת12:00–18:00,30.2726733,-97.7285927,"77FC+3H אוסטין, טקסס, ארצות הברית",http://www.austinguitarhouse.com/,+1 512-243-6036,,,,,,,,,,
Austin TX - guitar repair ,Guitar Center,https://lh5.googleusercontent.com/p/AF1QipOSrZoyWZwtI-UwCEDI7TROnj0R1SkFIKZm3d-G=w408-h292-k-no,4.1,874,,חנות מוזיקה,https://www.google.com/maps/place/Guitar+Center/data=!4m7!3m6!1s0x8644cbafa21699c7:0xc1e0735da9fe2b4d!8m2!3d30.3556909!4d-97.733268!16s%2Fg%2F1tctf_hy!19sChIJx5kWoq_LRIYRTSv-qV1z4ME?authuser=0&hl=iw&rclk=1," 
""I'll be going to him for all my future guitar repairs and setups.""","2525 W Anderson Ln. #200, Austin, TX 78757, ארצות הברית",נמצא בתוך: Northcross Mall Plaza,פתוח,ייסגר בשעה 19:00,2023-09-03 22:56:13,,30.3556909,-97.733268,"9748+7M אוסטין, טקסס, ארצות הברית",https://stores.guitarcenter.com/tx/austin/446?source=4GOA5AJBA,+1 512-419-0310,,,,,,,,,,
Austin TX - guitar repair ,Erlewine Guitars,https://lh5.googleusercontent.com/p/AF1QipMfgH1vnduhsxXan4w9in35mjdgcqIbl9COEKB5=w408-h544-k-no,4.5,29,,חנות גיטרות,https://www.google.com/maps/place/Erlewine+Guitars/data=!4m7!3m6!1s0x8644ca89c3b00229:0x424763e1458e9f8a!8m2!3d30.3143321!4d-97.7424819!16s%2Fg%2F1tdb4p4g!19sChIJKQKww4nKRIYRip-OReFjR0I?authuser=0&hl=iw&rclk=1," 
קנייה בחנות
·
איסוף עצמי בחנות","4402 Burnet Rd, Austin, TX 78756, ארצות הברית",,המקום סגור,ייפתח ביום יום ג׳ בשעה 11:00,2023-09-03 22:56:17,יום ראשוןסגוריום שני(יום העבודה)סגור ייתכנו שינויים בשעותיום שלישי11:00–17:00יום רביעי11:00–17:00יום חמישי11:00–17:00יום שישיסגוריום שבתסגור,30.3143321,-97.7424819,"8775+P2 אוסטין, טקסס, ארצות הברית",http://www.erlewineguitars.com/,+1 512-302-1225,,,,,,,,,,
Austin TX - guitar repair ,South Austin Music,https://lh5.googleusercontent.com/p/AF1QipNILaXa-NFeQ2_8kzM-wREHhwS_-Mk-IRCe1enE=w408-h544-k-no,4.8,151,,חנות לכלי נגינה,https://www.google.com/maps/place/South+Austin+Music/data=!4m7!3m6!1s0x8644b52020754765:0x6bd1af087afc8587!8m2!3d30.2533838!4d-97.7636569!16s%2Fg%2F1wn_6hd5!19sChIJZUd1ICC1RIYRh4X8egiv0Ws?authuser=0&hl=iw&rclk=1," 
""I used to do all the major guitar repairs for this store, till their guitar ...""","1402 S Lamar Blvd, Austin, TX 78704, ארצות הברית",,פתוח,ייסגר בשעה 17:00,2023-09-03 22:56:21,יום ראשון13:00–17:00יום שני(יום העבודה)11:00–18:00 ייתכנו שינויים בשעותיום שלישי11:00–18:00יום רביעי11:00–18:00יום חמישי11:00–18:00יום שישי11:00–18:00יום שבת11:00–18:00,30.2533838,-97.7636569,"763P+9G אוסטין, טקסס, ארצות הברית",http://www.southaustinmusic.com/,+1 512-448-4992,,,,,,,,,,
Austin TX - guitar repair ,"Joe's Amps-Amp Repair Austin, TX - Amplifier Restorations",https://lh5.googleusercontent.com/p/AF1QipOpFEzQGdQRV9nEC2hqDCm7embgq_aYh8kKZBU5=w408-h543-k-no,4.9,101,,חנות לתיקון מוצרים אלקטרוניים,"https://www.google.com/maps/place/Joe%27s+Amps-Amp+Repair+Austin,+TX+-+Amplifier+Restorations/data=!4m7!3m6!1s0x8644ca6b6105397d:0x8f3b3ca00d3e032a!8m2!3d30.3136503!4d-97.6716371!16s%2Fg%2F1q69m1pj_!19sChIJfTkFYWvKRIYRKgM-DaA8O48?authuser=0&hl=iw&rclk=1"," 
""No charge and he even carried my guitar out for me.""","6704 Bryn Mawr Dr, Austin, TX 78723, ארצות הברית",,המקום סגור,ייפתח ביום יום ג׳ בשעה 12:00,2023-09-03 22:56:25,יום ראשוןסגוריום שני(יום העבודה)סגור ייתכנו שינויים בשעותיום שלישי12:00–18:00יום רביעי12:00–18:00יום חמישי12:00–18:00יום שישי12:00–18:00יום שבת10:00–14:00,30.3136503,-97.6716371,"887H+F8 אוסטין, טקסס, ארצות הברית",http://www.joesamps.com/,+1 512-374-0001,,,,,,,,,,
Austin TX - guitar repair ,Austin Keyboards Repair,https://lh5.googleusercontent.com/p/AF1QipP2ediN7u0ZyPNctFYKkGvd91i5I4erXmgGGGCu=w408-h306-k-no,4.9,39,,חנות לתיקון כלי נגינה,https://www.google.com/maps/place/Austin+Keyboards+Repair/data=!4m7!3m6!1s0x8644b4d86ac2342f:0xe2ce771352ea19cd!8m2!3d30.2494518!4d-97.7730608!16s%2Fg%2F1tlbv31m!19sChIJLzTCati0RIYRzRnqUhN3zuI?authuser=0&hl=iw&rclk=1,,"1801 Blue Crest Dr Unit A, Austin, TX 78704, ארצות הברית",,פתוח,ייסגר בשעה 16:00,2023-09-03 22:56:28,יום ראשון10:00–16:00יום שני(יום העבודה)10:00–17:00 שעות פתיחה בחגיום שלישי9:00–19:30יום רביעי9:00–19:30יום חמישי9:00–19:30יום שישי8:00–19:30יום שבת8:00–19:30,30.2494518,-97.7730608,"66XG+QQ אוסטין, טקסס, ארצות הברית",http://austin-keyboards-repair.business.site/,+1 512-294-4639,,,,,,,,,,
Austin TX - guitar repair ,Frank Noone's Speedy Guitar Service,https://lh5.googleusercontent.com/p/AF1QipMidX2fw0SdlMlDAuSz9UbP7MrZFecf7v9oZZmo=w408-h544-k-no,5.0,58,,חנות לתיקון כלי נגינה,https://www.google.com/maps/place/Frank+Noone%27s+Speedy+Guitar+Service/data=!4m7!3m6!1s0x8644d1b50ba48dd1:0xaa40b203ee188024!8m2!3d30.4963485!4d-97.6414325!16s%2Fg%2F11nmh75t15!19sChIJ0Y2kC7XRRIYRJIAY7gOyQKo?authuser=0&hl=iw&rclk=1," 
""Don't take your guitar anywhere else in Austin!""","2800 Gattis School Rd, Round Rock, TX 78664, ארצות הברית",,המקום סגור,ייפתח ביום יום ב׳ בשעה 10:00,2023-09-03 22:56:32,יום ראשוןסגוריום שני(יום העבודה)10:00–18:30 ייתכנו שינויים בשעותיום שלישי10:00–18:30יום רביעי10:00–18:30יום חמישי10:00–18:30יום שישי10:00–17:00יום שבת10:00–17:00,30.4963485,-97.6414325,"F9W5+GC ראונד רוק, טקסס, ארצות הברית",http://www.franknoonesguitarservice.com/,+1 512-668-9411,,,,,,,,,,
Austin TX - guitar repair ,Strait Music Company,https://lh5.googleusercontent.com/p/AF1QipNoH8zgc6bYl-4iCDuzrSwSxEm3drZoY8j3GsOV=w408-h306-k-no,4.6,969,,חנות לכלי נגינה,https://www.google.com/maps/place/Strait+Music+Company/data=!4m7!3m6!1s0x865b4b30db84bd6d:0x8fa48ab0e5cddae3!8m2!3d30.2723544!4d-97.8011298!16s%2Fg%2F1tggtypc!19sChIJbb2E2zBLW4YR49rN5bCKpI8?authuser=0&hl=iw&rclk=1," 
""The techs there are true masters and have been able to repair all of ...""","3201 Bee Caves Rd suite 140, Austin, TX 78746, ארצות הברית",,המקום סגור,ייפתח ביום יום ב׳ בשעה 10:00,2023-09-03 22:56:36,יום ראשוןסגוריום שני(יום העבודה)10:00–19:00 ייתכנו שינויים בשעותיום שלישי10:00–19:00יום רביעי10:00–19:00יום חמישי10:00–19:00יום שישי10:00–19:00יום שבת10:00–17:30,30.2723544,-97.8011298,"75CX+WG אוסטין, טקסס, ארצות הברית",http://www.straitmusic.com/,+1 512-476-6927,,,,,,,,,,
Austin TX - guitar repair ,Guitar Center,https://lh5.googleusercontent.com/p/AF1QipPCzWAZX6HGJGoUs0kAwaVaSyUMwvo5NAlQO-VE=w426-h240-k-no,4.2,830,,חנות מוזיקה,https://www.google.com/maps/place/Guitar+Center/data=!4m7!3m6!1s0x865b4b99694463c9:0xdc5dd0f37c38ee9e!8m2!3d30.2333193!4d-97.8286509!16s%2Fg%2F1tj7wt2f!19sChIJyWNEaZlLW4YRnu44fPPQXdw?authuser=0&hl=iw&rclk=1," 
קנייה בחנות
·
איסוף מחוץ לחנות
·
משלוחים","5300 S MoPac Expy #103, Austin, TX 78749, ארצות הברית",,פתוח,ייסגר בשעה 19:00,2023-09-03 22:56:40,,30.2333193,-97.8286509,"65MC+8G אוסטין, טקסס, ארצות הברית",https://stores.guitarcenter.com/tx/austin/460?source=4GOA5AJBA,+1 512-891-0297,,,,,,,,,,
Austin TX - guitar repair ,Strait Music Company,https://lh5.googleusercontent.com/p/AF1QipPboJ7YYceptSBLubJ2aKykcQs5hYCbMIhcOtfm=w408-h271-k-no,4.6,641,,חנות לכלי נגינה,https://www.google.com/maps/place/Strait+Music+Company/data=!4m7!3m6!1s0x865b32a5c5311da7:0x9f147af4eca46406!8m2!3d30.4726088!4d-97.7975275!16s%2Fg%2F1tfg82fs!19sChIJpx0xxaUyW4YRBmSk7PR6FJ8?authuser=0&hl=iw&rclk=1," 
קנייה בחנות
·
איסוף מחוץ לחנות
·
משלוחים","13945 US-183 Hwy B, Austin, TX 78717, ארצות הברית",נמצא בתוך: The Hub,המקום סגור,ייפתח ביום יום ב׳ בשעה 10:00,2023-09-03 22:56:44,יום ראשוןסגוריום שני(יום העבודה)10:00–19:00 ייתכנו שינויים בשעותיום שלישי10:00–19:00יום רביעי10:00–19:00יום חמישי10:00–19:00יום שישי10:00–19:00יום שבת10:00–17:30,30.4726088,-97.7975275,"F6F2+2X אוסטין, טקסס, ארצות הברית",http://www.straitmusic.com/,+1 512-918-3743,,,,,,,,,,
Austin TX - guitar repair ,DB's Guitar Works,https://lh5.googleusercontent.com/p/AF1QipOSNXhN8p-QuBHp6eH0gdxcgDqlKCni8I78_nNg=w408-h408-k-no,5.0,13,,חנות לתיקון כלי נגינה,https://www.google.com/maps/place/DB%27s+Guitar+Works/data=!4m7!3m6!1s0x8644b53840bb38a1:0x4ee2d572f0f0f31c!8m2!3d30.3077609!4d-97.7557424!16s%2Fg%2F11r4k6gqvy!19sChIJoTi7QDi1RIYRHPPw8HLV4k4?authuser=0&hl=iw&rclk=1," 
""If you need an awesome luthier in Austin, go to DB!!""",,,פתוח,ייסגר בשעה 22:00,2023-09-03 22:56:47,יום ראשון10:00–22:00יום שני(יום העבודה)10:00–22:00 ייתכנו שינויים בשעותיום שלישי10:00–22:00יום רביעי10:00–22:30יום חמישי10:00–22:00יום שישי10:00–22:00יום שבת10:00–22:00,30.3077609,-97.7557424,,https://www.instagram.com/dbsguitarworks/,+1 516-581-4083,,,,,,,,,,
Austin TX - guitar repair ,Collings Guitars,https://lh5.googleusercontent.com/p/AF1QipPI-qfrzImUGuPGldU5bwkrxcVnejjoGgc4TQxK=w408-h544-k-no,5.0,23,,Musical instrument manufacturer,https://www.google.com/maps/place/Collings+Guitars/data=!4m7!3m6!1s0x865b462042cd7a59:0x7424e027789de894!8m2!3d30.220869!4d-97.9633789!16s%2Fg%2F1thn5yb6!19sChIJWXrNQiBGW4YRlOideCfgJHQ?authuser=0&hl=iw&rclk=1," 
""You can find them at Hill Country Guitars in Austin.""","11210 W U.S. 290, Austin, TX 78737, ארצות הברית",,המקום סגור,ייפתח ביום יום ב׳ בשעה 10:00,2023-09-03 22:56:51,יום ראשוןסגוריום שני(יום העבודה)10:00–18:00 ייתכנו שינויים בשעותיום שלישי10:00–18:00יום רביעי10:00–18:00יום חמישי10:00–18:00יום שישי10:00–18:00יום שבתסגור,30.220869,-97.9633789,"62CP+8J אוסטין, טקסס, ארצות הברית",http://www.collingsguitars.com/,+1 512-288-7776,,,,,,,,,,
Austin TX - guitar repair ,Westbank String Shop,https://lh5.googleusercontent.com/p/AF1QipNbQk6fntVMX-YitTy7hMukupFP6-6F1ljYZNxI=w422-h240-k-no,4.9,75,,חנות לכלי נגינה,https://www.google.com/maps/place/Westbank+String+Shop/data=!4m7!3m6!1s0x865b4b5e7f8065b7:0xcc72d2a1a3f1a954!8m2!3d30.209099!4d-97.804206!16s%2Fg%2F1tj9cf04!19sChIJt2WAf15LW4YRVKnxo6HScsw?authuser=0&hl=iw&rclk=1," 
קנייה בחנות
·
איסוף עצמי בחנות","6301 Menchaca Rd, Austin, TX 78745, ארצות הברית",,המקום סגור,ייפתח ביום יום ג׳ בשעה 10:00,2023-09-03 22:56:55,יום ראשוןסגוריום שני(יום העבודה)סגור ייתכנו שינויים בשעותיום שלישי10:00–17:00יום רביעי10:00–17:00יום חמישי10:00–17:00יום שישי10:00–17:00יום שבת11:00–15:00,30.209099,-97.804206,"655W+J8 אוסטין, טקסס, ארצות הברית",http://westbankstringshop.com/,+1 512-326-4898,,,,,,,,,,
Austin TX - guitar repair ,Austin Strings,https://lh5.googleusercontent.com/p/AF1QipMPs1Z3DDBKxRiee5kfqJD8XqQ1njkdtfqePAq7=w408-h306-k-no,4.8,35,,חנות כינורות,https://www.google.com/maps/place/Austin+Strings/data=!4m7!3m6!1s0x865b32d2db3cbf37:0x3fb18f0ed1d02e29!8m2!3d30.4429677!4d-97.785797!16s%2Fg%2F1tgkhq2_!19sChIJN78829IyW4YRKS7Q0Q6PsT8?authuser=0&hl=iw&rclk=1," 
""We came to this shop to rent an instrument for a first-time violin user.""","Plaza Cortez #201, 13276 Research Blvd, Austin, TX 78750, ארצות הברית",קומה 1 · Plaza Cortez,המקום סגור,ייפתח ביום יום ג׳ בשעה 11:00,2023-09-03 22:56:59,יום ראשוןסגוריום שני(יום העבודה)סגור ייתכנו שינויים בשעותיום שלישי11:00–18:00יום רביעי11:00–18:00יום חמישי11:00–18:00יום שישי11:00–18:00יום שבת12:00–17:00,30.4429677,-97.785797,"C6V7+5M אוסטין, טקסס, ארצות הברית",http://www.austinstrings.com/,+1 512-918-1863,,,,,,,,,,
Austin TX - guitar repair ,Frank Noone's Mobile Guitar Service (South Austin),https://lh5.googleusercontent.com/p/AF1QipOfCP2hBRgkdcDNif9Ku33X0MuhUPmKDy7fexPE=w408-h408-k-no,5.0,7,,חנות לתיקון כלי נגינה,https://www.google.com/maps/place/Frank+Noone%27s+Mobile+Guitar+Service+%28South+Austin%29/data=!4m7!3m6!1s0x8644b30d7d51bf57:0x1c97c02d56ac8367!8m2!3d30.165736!4d-97.721123!16s%2Fg%2F11t76w75z3!19sChIJV79RfQ2zRIYRZ4OsVi3Alxw?authuser=0&hl=iw&rclk=1,,"6901 McKinney Falls Pkwy, Austin, TX 78744, ארצות הברית",,המקום סגור,ייפתח ביום יום ב׳ בשעה 10:00,2023-09-03 22:57:02,יום ראשוןסגוריום שני(יום העבודה)10:00–17:00 ייתכנו שינויים בשעותיום שלישי10:00–17:00יום רביעי10:00–17:00יום חמישי10:00–17:00יום שישי10:00–17:00יום שבת10:00–17:00,30.165736,-97.721123,"578H+7H אוסטין, טקסס, ארצות הברית",http://franknoonesguitarservice.com/,+1 512-668-9411,,,,,,,,,,
Austin TX - guitar repair ,Austin Winds,https://lh5.googleusercontent.com/p/AF1QipPI1qhreghiVXnrxFWhSHTQs9NOlIAzAnjYbvvY=w426-h240-k-no,5.0,7,,חנות לכלי נגינה,https://www.google.com/maps/place/Austin+Winds/data=!4m7!3m6!1s0x8644cba5a57e6c1d:0x498d38dc92bec678!8m2!3d30.281202!4d-97.741261!16s%2Fg%2F11cm_h5hbs!19sChIJHWx-paXLRIYReMa-ktw4jUk?authuser=0&hl=iw&rclk=1," 
קנייה בחנות","305 W Martin Luther King Jr Blvd, Austin, TX 78701, ארצות הברית",,המקום סגור,ייפתח ביום יום ב׳ בשעה 9:30,2023-09-03 22:57:06,יום ראשוןסגוריום שני(יום העבודה)9:30–18:00 ייתכנו שינויים בשעותיום שלישי9:30–18:00יום רביעי9:30–18:00יום חמישי9:30–18:00יום שישי9:30–18:00יום שבתסגור,30.281202,-97.741261,"77J5+FF אוסטין, טקסס, ארצות הברית",http://austinwinds.com/,+1 512-788-5757,,,,,,,,,,
Austin TX - guitar repair ,Switched On,https://lh5.googleusercontent.com/p/AF1QipOlLbI36demszTI0Lo6iiUVDmmm09FMxpaEOG48=w408-h544-k-no,4.2,60,,חנות לכלי נגינה,https://www.google.com/maps/place/Switched+On/data=!4m7!3m6!1s0x8644b5bb11b2a1df:0x436a659e91c7978d!8m2!3d30.3139171!4d-97.7198271!16s%2Fg%2F1thcn4qr!19sChIJ36GyEbu1RIYRjZfHkZ5lakM?authuser=0&hl=iw&rclk=1," 
קנייה בחנות
·
איסוף מחוץ לחנות
·
משלוחים","5013 Duval St, Austin, TX 78751, ארצות הברית",,פתוח,ייסגר בשעה 18:00,2023-09-03 22:57:10,יום ראשון11:00–18:00יום שני(יום העבודה)11:00–18:00 ייתכנו שינויים בשעותיום שלישי11:00–18:00יום רביעי11:00–18:00יום חמישי11:00–18:00יום שישי11:00–18:00יום שבת11:00–18:00,30.3139171,-97.7198271,"877J+H3 אוסטין, טקסס, ארצות הברית",http://switchedonaustin.com/,+1 512-565-0663,,,,,,,,,,
Austin TX - guitar repair ,Hometown Amp Repair,,5.0,16,,חנות לתיקון כלי נגינה,https://www.google.com/maps/place/Hometown+Amp+Repair/data=!4m7!3m6!1s0x8644b5bd6ca66fb9:0x6a8a42ae0121879f!8m2!3d30.4206125!4d-97.7557424!16s%2Fg%2F11h75tjhnb!19sChIJuW-mbL21RIYRn4chAa5Cimo?authuser=0&hl=iw&rclk=1,,,,פתוח,ייסגר בשעה 19:00,2023-09-03 22:57:14,יום ראשון9:00–19:00יום שני(יום העבודה)9:00–19:00 ייתכנו שינויים בשעותיום שלישי9:00–19:00יום רביעי9:00–19:00יום חמישי9:00–19:00יום שישי9:00–19:00יום שבת9:00–19:00,30.4206125,-97.7557424,,http://www.hometownamprepair.com/,+1 512-373-5257,,,,,,,,,,
Austin TX - guitar repair ,Better Than New Band Repair,https://lh5.googleusercontent.com/p/AF1QipMuMGwvcx15S71tMI3Nk0CF_8olq_1N7VmXhoJF=w408-h306-k-no,4.9,206,,חנות לתיקון כלי נגינה,https://www.google.com/maps/place/Better+Than+New+Band+Repair/data=!4m7!3m6!1s0x8644d185ef7aad2b:0xb28165857c59e385!8m2!3d30.520415!4d-97.6922053!16s%2Fg%2F1tdx4j4_!19sChIJK61674XRRIYRheNZfIVlgbI?authuser=0&hl=iw&rclk=1," 
""The place to go for band instrument repair in Austin. Good folks.""","1402 Chisholm Trail Rd C & D, Round Rock, TX 78681, ארצות הברית",,המקום סגור,ייפתח ביום יום ב׳ בשעה 10:00,2023-09-03 22:57:17,יום ראשוןסגוריום שני(יום העבודה)10:00–17:00 ייתכנו שינויים בשעותיום שלישי10:00–17:00יום רביעי10:00–17:00יום חמישי10:00–17:00יום שישי10:00–17:00יום שבת10:00–16:00,30.520415,-97.6922053,"G8C5+54 ראונד רוק, טקסס, ארצות הברית",http://www.btnbandrepair.com/,+1 512-388-7774,,,,,,,,,,
Austin TX - guitar repair ,Blackerby Violin Shop,https://streetviewpixels-pa.googleapis.com/v1/thumbnail?panoid=bMKlEPzrGHkMqh1-1DfrOw&cb_client=search.gws-prod.gps&w=408&h=240&yaw=0&pitch=0&thumbfov=100,4.8,132,,חנות כינורות,https://www.google.com/maps/place/Blackerby+Violin+Shop/data=!4m7!3m6!1s0x8644cbcbace16791:0xc0153e1cb53e2242!8m2!3d30.3492305!4d-97.7172514!16s%2Fg%2F1tfddv_t!19sChIJkWfhrMvLRIYRQiI-tRw-FcA?authuser=0&hl=iw&rclk=1," 
""They sell instruments, do repairs, consignment and have ...""","1111 W Anderson Ln., Austin, TX 78757, ארצות הברית",,המקום סגור,ייפתח ביום יום ב׳ בשעה 10:00,2023-09-03 22:57:21,יום ראשוןסגוריום שני(יום העבודה)10:00–18:00 ייתכנו שינויים בשעותיום שלישי10:00–18:00יום רביעי10:00–18:00יום חמישי10:00–18:00יום שישי10:00–18:00יום שבת10:00–17:00,30.3492305,-97.7172514,"87XM+M3 אוסטין, טקסס, ארצות הברית",http://www.violinshop.com/,+1 512-469-9343,,,,,,,,,,
Austin TX - guitar repair ,Sandro Cocco Violin Studio,https://lh5.googleusercontent.com/p/AF1QipMiJMFZ_Tp2hJLUZNon17Sh4wxYi8DJ2GZStA4Y=w507-h240-k-no,4.9,14,,חנות לתיקון כלי נגינה,https://www.google.com/maps/place/Sandro+Cocco+Violin+Studio/data=!4m7!3m6!1s0x8644b506ed14eb6f:0xc889f5d79d4c9c5e!8m2!3d30.1733541!4d-97.7556914!16s%2Fg%2F1ptyxh5st!19sChIJb-sU7Qa1RIYRXpxMndf1icg?authuser=0&hl=iw&rclk=1,,"4813 Quicksilver Blvd, Austin, TX 78744, ארצות הברית",,המקום סגור,ייפתח ביום יום ב׳ בשעה 11:00,2023-09-03 22:57:25,יום ראשוןסגוריום שני(יום העבודה)11:00–17:00 ייתכנו שינויים בשעותיום שלישי11:00–17:00יום רביעי11:00–17:00יום חמישי11:00–17:00יום שישי11:00–17:00יום שבת11:00–17:00,30.1733541,-97.7556914,"56FV+8P אוסטין, טקסס, ארצות הברית",,+1 512-440-5007,,,,,,,,,,
Austin TX - guitar repair ,Lucky Lady Vintage Guitars,https://lh5.googleusercontent.com/p/AF1QipOhu3peeCuxznhh70YKfIgtpUK5tCKoguaKPcDV=w408-h271-k-no,5.0,13,,חנות מוזיקה,https://www.google.com/maps/place/Lucky+Lady+Vintage+Guitars/data=!4m7!3m6!1s0x8644b5620cf74b0d:0x1e11c877eabede2a!8m2!3d46.423669!4d-129.9427086!16s%2Fg%2F11fp3vrg7g!19sChIJDUv3DGK1RIYRKt6-6nfIER4?authuser=0&hl=iw&rclk=1," 
משלוחים",,,פתוח 24 שעות,,2023-09-03 22:57:28,יום ראשוןפתוח 24 שעותיום שני(יום העבודה)פתוח 24 שעות ייתכנו שינויים בשעותיום שלישיפתוח 24 שעותיום רביעיפתוח 24 שעותיום חמישיפתוח 24 שעותיום שישיפתוח 24 שעותיום שבתפתוח 24 שעות,46.423669,-129.9427086,,https://luckyladyvintageguitars.com/,+1 917-750-4055,,,,,,,,,,
Austin TX - guitar repair ,Terra Nova Violins,https://lh5.googleusercontent.com/p/AF1QipOi59V_95ImkAhbWBc5WwZBJCrtH4PnMYhZphbd=w408-h306-k-no,4.8,57,,חנות כינורות,https://www.google.com/maps/place/Terra+Nova+Violins/data=!4m7!3m6!1s0x8644cbafcf045767:0xea7f44f45759337c!8m2!3d30.3540793!4d-97.7299591!16s%2Fg%2F11bv6ptm3l!19sChIJZ1cEz6_LRIYRfDNZV_REf-o?authuser=0&hl=iw&rclk=1," 
""Good repair shop helped me with my early instrument""","7795 Burnet Rd, Austin, TX 78757, ארצות הברית",,המקום סגור,ייפתח ביום יום ג׳ בשעה 10:00,2023-09-03 22:57:32,יום ראשוןסגוריום שני(יום העבודה)סגור ייתכנו שינויים בשעותיום שלישי10:00–18:00יום רביעי10:00–18:00יום חמישי10:00–18:00יום שישי10:00–18:00יום שבת10:00–17:00,30.3540793,-97.7299591,"973C+J2 אוסטין, טקסס, ארצות הברית",http://www.terranovaviolins.com/,+1 512-640-4072,,,,,,,,,,
Austin TX - guitar repair ,Doubleday Guitars,https://lh5.googleusercontent.com/p/AF1QipPkzeAGH69QLeSEP9ObvqId048XjbpklsA-vr5L=w408-h408-k-no,5.0,21,,חנות לכלי נגינה,https://www.google.com/maps/place/Doubleday+Guitars/data=!4m7!3m6!1s0x82e691e80c8968f1:0x5caa9104aefb4c9a!8m2!3d30.1819199!4d-97.9606423!16s%2Fg%2F11s5k5pkn_!19sChIJ8WiJDOiR5oIRmkz7rgSRqlw?authuser=0&hl=iw&rclk=1," 
""Walker is an amazing luthier and an even better person.""","10107 Signal Hill Rd Unit A, Austin, TX 78737, ארצות הברית",,המקום סגור,ייפתח ביום יום ב׳ בשעה 8:00,2023-09-03 22:57:36,יום ראשוןסגוריום שני(יום העבודה)8:00–18:00 ייתכנו שינויים בשעותיום שלישי8:00–18:00יום רביעי8:00–18:00יום חמישי8:00–18:00יום שישי8:00–18:00יום שבת8:00–18:00,30.1819199,-97.9606423,"52JQ+QP אוסטין, טקסס, ארצות הברית",https://www.doubledayguitars.com/,+1 713-865-6066,,,,,,,,,,
Austin TX - guitar repair ,Guitar E.R.,https://lh5.googleusercontent.com/p/AF1QipN-y_HlkMdWuuKGFES3VXef5rXNK7eG9wKJlcOg=w408-h408-k-no,5.0,7,,חנות לתיקון כלי נגינה,https://www.google.com/maps/place/Guitar+E.R./data=!4m7!3m6!1s0x8644c955699febcf:0xe4b7c3d39b425d3f!8m2!3d29.8792895!4d-97.6820914!16s%2Fg%2F11jm9nw2ps!19sChIJz-ufaVXJRIYRP11Cm9PDt-Q?authuser=0&hl=iw&rclk=1,,"933 W Live Oak St, Lockhart, TX 78644, ארצות הברית",,המקום סגור,ייפתח ביום יום ב׳ בשעה 9:00,2023-09-03 22:57:40,יום ראשוןסגוריום שני(יום העבודה)9:00–17:00 ייתכנו שינויים בשעותיום שלישי9:00–17:00יום רביעי9:00–17:00יום חמישי9:00–17:00יום שישי9:00–17:00יום שבת9:00–17:00,29.8792895,-97.6820914,"V8H9+P5 Lockhart, טקסס, ארצות הברית",https://guitarer.net/,+1 512-417-5051,,,,,,,,,,
Austin TX - guitar repair ,Guitar Maverick,https://lh5.googleusercontent.com/p/AF1QipO0n5c0nv0dc7zl2j6H79b7pOXriwIfhxp5q_MF=w408-h544-k-no,4.9,31,,חנות גיטרות,https://www.google.com/maps/place/Guitar+Maverick/data=!4m7!3m6!1s0x864dd768cb4bffff:0x8d9484295ceebd77!8m2!3d30.4935201!4d-97.923797!16s%2Fg%2F11ghr18sd0!19sChIJ__9Ly2jXTYYRd73uXCmElI0?authuser=0&hl=iw&rclk=1," 
קנייה בחנות","18643 Farm to Market Rd 1431, Jonestown, TX 78645, ארצות הברית",,המקום סגור,ייפתח ביום שבת בשעה 12:00,2023-09-03 22:57:44,יום ראשוןסגוריום שני(יום העבודה)סגור ייתכנו שינויים בשעותיום שלישיסגוריום רביעיסגוריום חמישיסגוריום שישיסגוריום שבת12:00–17:00,30.4935201,-97.923797,"F3VG+CF Jonestown, טקסס, ארצות הברית",http://www.guitarmaverick.com/,+1 512-422-2005,,,,,,,,,,
Austin TX - guitar repair ,Capital Music Center,https://lh5.googleusercontent.com/p/AF1QipP9cR-Z4HCexkFJK_6y61pw7uFUVIdV7DykqBRV=w490-h240-k-no,4.9,137,,חנות לכלי נגינה,https://www.google.com/maps/place/Capital+Music+Center/data=!4m7!3m6!1s0x8644ca57ad4ece9f:0x91e641ce9128e237!8m2!3d30.3361063!4d-97.7390474!16s%2Fg%2F1td3gdpt!19sChIJn85OrVfKRIYRN-Iokc5B5pE?authuser=0&hl=iw&rclk=1," 
קנייה בחנות
·
איסוף מחוץ לחנות
·
משלוחים","6101 Burnet Rd, Austin, TX 78757, ארצות הברית",נמצא בתוך: NORTHWEST CENTER,המקום סגור,ייפתח ביום יום ג׳ בשעה 10:00,2023-09-03 22:57:47,יום ראשוןסגוריום שני(יום העבודה)סגור שעות פתיחה בחגיום שלישי10:00–18:00יום רביעי10:00–18:00יום חמישי10:00–18:00יום שישי10:00–17:00יום שבת10:00–17:00,30.3361063,-97.7390474,"87P6+C9 אוסטין, טקסס, ארצות הברית",http://www.capmusic.com/,+1 512-458-1933,,,,,,,,,,
Austin TX - guitar repair ,Solo Guitar Austin,https://lh5.googleusercontent.com/p/AF1QipMP5ZpqtvtgM54hqIr172bIqpDjcpsEFFyHyBfr=w408-h272-k-no,5.0,25,,Musician,https://www.google.com/maps/place/Solo+Guitar+Austin/data=!4m7!3m6!1s0x865b4d264905cfaf:0xf6108764cb8b7032!8m2!3d30.1294834!4d-97.8067115!16s%2Fg%2F11fkvxyyd1!19sChIJr88FSSZNW4YRMnCLy2SHEPY?authuser=0&hl=iw&rclk=1,,,,פתוח,ייסגר בשעה 23:45,2023-09-03 22:57:51,יום ראשון0:00–23:45יום שני(יום העבודה)0:00–23:45 ייתכנו שינויים בשעותיום שלישי0:00–23:45יום רביעי0:00–23:45יום חמישי0:00–23:45יום שישי0:00–23:45יום שבת0:00–23:45,30.1294834,-97.8067115,,https://sologuitaraustin.com/,+1 512-837-7913,,,,,,,,,,
Austin TX - guitar repair ,The Guitar Consultant,https://lh5.googleusercontent.com/p/AF1QipNYH4-zGnLU8HVKf74U1TlXuREopCF8qCJKIIiN=w408-h306-k-no,5.0,21,,מורה למוסיקה,https://www.google.com/maps/place/The+Guitar+Consultant/data=!4m7!3m6!1s0x865b4cb3362f1f17:0xe6a63c6c987c077e!8m2!3d30.1888821!4d-97.7854723!16s%2Fg%2F11fx8zy979!19sChIJFx8vNrNMW4YRfgd8mGw8puY?authuser=0&hl=iw&rclk=1,,"316 Meadow Lea Dr, Austin, TX 78745, ארצות הברית",,פתוח,ייסגר בשעה 17:00,2023-09-03 22:57:55,יום ראשון10:00–17:00יום שני(יום העבודה)15:00–19:00 ייתכנו שינויים בשעותיום שלישי15:00–21:00יום רביעי10:00–21:00יום חמישי10:00–21:00יום שישי10:00–19:00יום שבתסגור,30.1888821,-97.7854723,"56Q7+HR אוסטין, טקסס, ארצות הברית",http://www.theguitarconsultant.net/,+1 512-963-3285,,,,,,,,,,
Austin TX - guitar repair ,Music & Arts,https://lh5.googleusercontent.com/p/AF1QipOofoZrRVULMqS7_dwPZ3nZK1z3PAsz_o5u13h7=w426-h240-k-no,4.8,71,,חנות מוזיקה,https://www.google.com/maps/place/Music+%26+Arts/data=!4m7!3m6!1s0x865b4b1200d16b1d:0x2df9e55304c07772!8m2!3d30.2302323!4d-97.8153414!16s%2Fg%2F11cfg281s!19sChIJHWvRABJLW4YRcnfABFPl-S0?authuser=0&hl=iw&rclk=1," 
""The guitar I was looking for was out of stock in this store but available ...""","5207 Brodie Ln #220, Sunset Valley, TX 78745, ארצות הברית",נמצא בתוך: Sunset Valley Homestead,פתוח,ייסגר בשעה 17:00,2023-09-03 22:57:59,יום ראשון12:00–17:00יום שני(יום העבודה)11:00–20:00 ייתכנו שינויים בשעותיום שלישי11:00–20:00יום רביעי11:00–20:00יום חמישי11:00–20:00יום שישי11:00–20:00יום שבת10:00–17:00,30.2302323,-97.8153414,"65JM+3V Sunset Valley, טקסס, ארצות הברית",https://stores.musicarts.com/tx/sunsetvalley/music-store-6926.html,+1 512-892-0044,,,,,,,,,,
Austin TX - guitar repair ,Austin Guitar School,https://lh5.googleusercontent.com/p/AF1QipOhFXLEqaVybBJVR_AlW9oLVwegnhkNK1Jt3KU5=w426-h240-k-no,4.8,20,,בית ספר למוסיקה,https://www.google.com/maps/place/Austin+Guitar+School/data=!4m7!3m6!1s0x8644ca427c0fb2e7:0xc20801c0261a42f4!8m2!3d30.3663155!4d-97.7291946!16s%2Fg%2F1tdm43bv!19sChIJ57IPfELKRIYR9EIaJsABCMI?authuser=0&hl=iw&rclk=1," 
קבלת קהל במקום","8440 Burnet Rd Suite #150, Austin, TX 78757, ארצות הברית",נמצא בתוך: Spectrum Center,המקום סגור,ייפתח ביום יום ב׳ בשעה 12:00,2023-09-03 22:58:02,יום ראשוןסגוריום שני(יום העבודה)12:00–19:00 ייתכנו שינויים בשעותיום שלישי12:00–19:00יום רביעי12:00–19:00יום חמישי12:00–19:00יום שישי12:00–19:00יום שבת10:00–18:00,30.3663155,-97.7291946,"978C+G8 אוסטין, טקסס, ארצות הברית",http://www.austinguitarschool.com/,+1 512-442-2880,,,,,,,,,,
Austin TX - guitar repair ,Arnold Yzaguirre - Classical Guitarist,https://lh5.googleusercontent.com/p/AF1QipMB45Gjd0xzJF3SNIhmCGlTNkuPoiyJJFekXq8x=w408-h612-k-no,5.0,55,,Musician,https://www.google.com/maps/place/Arnold+Yzaguirre+-+Classical+Guitarist/data=!4m7!3m6!1s0x8644c95824d5578d:0xf307a3e6ddd6b43c!8m2!3d31.1689103!4d-100.0768425!16s%2Fg%2F11gbff1xbk!19sChIJjVfVJFjJRIYRPLTW3eajB_M?authuser=0&hl=iw&rclk=1," 
""Wonderful classical guitar instructor. Very passionate about music ...""",,,פתוח 24 שעות,,2023-09-03 22:58:06,יום ראשוןפתוח 24 שעותיום שני(יום העבודה)פתוח 24 שעות ייתכנו שינויים בשעותיום שלישיפתוח 24 שעותיום רביעיפתוח 24 שעותיום חמישיפתוח 24 שעותיום שישיפתוח 24 שעותיום שבתפתוח 24 שעות,31.1689103,-100.0768425,,http://www.arnoldyzaguirre.com/,+1 512-368-0520,,,,,,,,,,
Austin TX - guitar repair ,The Musicians Woodshed,https://lh5.googleusercontent.com/p/AF1QipNGfean-U8Bb3iYkONKr7BI7WWv1WP8iNoEIjoP=w639-h240-k-no,4.8,12,,בית ספר למוסיקה,https://www.google.com/maps/place/The+Musicians+Woodshed/data=!4m7!3m6!1s0x8644d35b0f834ceb:0x7902c8462ed60c4f!8m2!3d30.4866167!4d-97.7695528!16s%2Fg%2F11ghpllhvl!19sChIJ60yDD1vTRIYRTwzWLkbIAnk?authuser=0&hl=iw&rclk=1,,"9900 W Parmer Ln #A120, Austin, TX 78717, ארצות הברית",,המקום סגור,ייפתח ביום יום ב׳ בשעה 12:00,2023-09-03 22:58:10,יום ראשוןסגוריום שני(יום העבודה)12:00–20:00 ייתכנו שינויים בשעותיום שלישי12:00–20:00יום רביעי12:00–20:00יום חמישי12:00–20:00יום שישי12:00–18:00יום שבת12:00–18:00,30.4866167,-97.7695528,"F6PJ+J5 אוסטין, טקסס, ארצות הברית",http://www.themusicianswoodshed.com/,+1 512-502-5000,,,,,,,,,,
Austin TX - guitar repair ,Moon Music,https://lh5.googleusercontent.com/p/AF1QipPLxuhA7JnblDG6m6cLQuc_Wy0kBK2Jq_5PIOnF=w408-h442-k-no,5.0,17,,חנות,https://www.google.com/maps/place/Moon+Music/data=!4m7!3m6!1s0x8644cbb4a99837bb:0x6e9600e5cb946e9f!8m2!3d30.3558894!4d-97.7296838!16s%2Fg%2F11s2j3bw7s!19sChIJuzeYqbTLRIYRn26Uy-UAlm4?authuser=0&hl=iw&rclk=1," 
""I understand they also do guitar repairs too.""","2210 B, 2210 W Anderson Ln., Austin, TX 78757, ארצות הברית",,המקום סגור,ייפתח ביום יום ב׳ בשעה 10:30,2023-09-03 22:58:14,יום ראשון12:00–14:00יום שני(יום העבודה)10:30–18:30 ייתכנו שינויים בשעותיום שלישי10:30–18:30יום רביעי10:30–18:30יום חמישי10:30–18:30יום שישי10:30–18:30יום שבת12:00–17:00,30.3558894,-97.7296838,"974C+94 אוסטין, טקסס, ארצות הברית",http://moonmusicpro.com/,+1 512-291-3913,,,,,,,,,,
Austin TX - guitar repair ,Wolfcreek Guitars,https://lh5.googleusercontent.com/p/AF1QipNPIKTUry1fZkTEWFRSWUrJ26JhWByMgJy_4MHl=w408-h306-k-no,5.0,3,,חנות לתיקון כלי נגינה,https://www.google.com/maps/place/Wolfcreek+Guitars/data=!4m7!3m6!1s0x865b4bd86789bff5:0x45db2c612e2964d7!8m2!3d30.3181123!4d-97.951308!16s%2Fg%2F11gfyx2y88!19sChIJ9b-JZ9hLW4YR12QpLmEs20U?authuser=0&hl=iw&rclk=1,,"3698 Ranch Rd 620 S #107, Austin, TX 78738, ארצות הברית",,המקום סגור,ייפתח ביום יום ב׳ בשעה 10:00,2023-09-03 22:58:18,יום ראשוןסגוריום שני(יום העבודה)10:00–20:00 ייתכנו שינויים בשעותיום שלישי10:00–20:00יום רביעי10:00–20:00יום חמישי10:00–20:00יום שישי10:00–18:00יום שבת12:00–17:00,30.3181123,-97.951308,"829X+6F אוסטין, טקסס, ארצות הברית",http://wolfcreekguitars.com/,,,,,,,,,,,
Austin TX - guitar repair ,Tommy's Drum Shop,https://lh5.googleusercontent.com/p/AF1QipO-zzU9z_uWmPnS3Mj4gQJ-_wsnNdcGKY31vV39=w408-h306-k-no,4.9,119,,חנות לכלי נגינה,https://www.google.com/maps/place/Tommy%27s+Drum+Shop/data=!4m7!3m6!1s0x8644b51f0678259b:0x5d4b9e1d59beb4f!8m2!3d30.2550656!4d-97.7611563!16s%2Fg%2F1tcwx38n!19sChIJmyV4Bh-1RIYRT-ub1eG51AU?authuser=0&hl=iw&rclk=1," 
קנייה בחנות
·
איסוף עצמי בחנות","1100 S 8th St, Austin, TX 78704, ארצות הברית",,המקום סגור,ייפתח ביום יום ב׳ בשעה 10:30,2023-09-03 22:58:21,יום ראשוןסגוריום שני(יום העבודה)10:30–18:30 ייתכנו שינויים בשעותיום שלישי10:30–18:30יום רביעי10:30–18:30יום חמישי10:30–18:30יום שישי10:30–18:30יום שבת10:30–17:00,30.2550656,-97.7611563,"764Q+2G אוסטין, טקסס, ארצות הברית",http://tommysdrumshop.com/,+1 512-444-3786,,,,,,,,,,
Austin TX - guitar repair ,The Musicians Woodshed,https://lh5.googleusercontent.com/p/AF1QipP56tfemUBJKso16aEq1K58jaQa7V9MYBRByjK3=w408-h271-k-no,4.9,68,,בית ספר למוסיקה,https://www.google.com/maps/place/The+Musicians+Woodshed/data=!4m7!3m6!1s0x865b30c343bf6de9:0x618be74c779e89db!8m2!3d30.3181525!4d-97.9517503!16s%2Fg%2F1td7tls4!19sChIJ6W2_Q8MwW4YR24med0zni2E?authuser=0&hl=iw&rclk=1," 
""My son takes guitar lessons here and we couldn't be happier.""","3698 Ranch Rd 620 S #107, Austin, TX 78738, ארצות הברית",,המקום סגור,ייפתח ביום יום ב׳ בשעה 10:00,2023-09-03 22:58:25,יום ראשוןסגוריום שני(יום העבודה)10:00–20:00 ייתכנו שינויים בשעותיום שלישי10:00–20:00יום רביעי10:00–20:00יום חמישי10:00–20:00יום שישי10:00–18:00יום שבת12:00–17:00,30.3181525,-97.9517503,"829X+77 אוסטין, טקסס, ארצות הברית",https://www.themusicianswoodshed.com/,+1 512-614-6491,,,,,,,,,,
Austin TX - guitar repair ,Music City Guitars,https://lh5.googleusercontent.com/p/AF1QipPdZLekG7jzft31f8wvK_L-5GjZMgp4N4AF0MRo=w408-h306-k-no,5.0,43,,חנות לכלי נגינה,https://www.google.com/maps/place/Music+City+Guitars/data=!4m7!3m6!1s0x865b4d59ed7b4ab1:0x2fcd163cba6834dc!8m2!3d30.131996!4d-97.8555596!16s%2Fg%2F11sdxg9v4w!19sChIJsUp77VlNW4YR3DRoujwWzS8?authuser=0&hl=iw&rclk=1," 
""Bringing old Austin a little bit more south.""","2203 Farm to Market 1626, Manchaca, TX 78652, ארצות הברית",,פתוח,ייסגר בשעה 17:00,2023-09-03 22:58:29,יום ראשון13:00–17:00יום שני(יום העבודה)סגור ייתכנו שינויים בשעותיום שלישי11:00–19:00יום רביעי11:00–19:00יום חמישי11:00–19:00יום שישי11:00–19:00יום שבת11:00–19:00,30.131996,-97.8555596,"44JV+QQ Manchaca, טקסס, ארצות הברית",http://www.musiccityguitarstx.com/,+1 512-344-9443,,,,,,,,,,
Austin TX - guitar repair ,C.S.Harper Guitars,https://lh5.googleusercontent.com/p/AF1QipNjtWBR4AgxDZpHCYuUJ9b9lSQgp2cwdnNrUKFh=w426-h240-k-no,5.0,27,,חנות גיטרות,https://www.google.com/maps/place/C.S.Harper+Guitars/data=!4m7!3m6!1s0x8644c76d3c800909:0x8343d573bdbda123!8m2!3d30.3351189!4d-97.5612231!16s%2Fg%2F11ftvsjmcq!19sChIJCQmAPG3HRIYRI6G9vXPVQ4M?authuser=0&hl=iw&rclk=1," 
""I had taken 4 of my Electric Guitars to Chris Harper for a full setup.""","12013 Bastrop St, Manor, TX 78653, ארצות הברית",,המקום סגור,ייפתח ביום יום ב׳ בשעה 17:00,2023-09-03 22:58:32,יום ראשוןסגוריום שני(יום העבודה)17:00–19:30 ייתכנו שינויים בשעותיום שלישיסגוריום רביעיסגוריום חמישי16:30–19:30יום שישיסגוריום שבתסגור,30.3351189,-97.5612231,"8CPQ+2G Manor, טקסס, ארצות הברית",http://www.csharperguitars.com/,+1 512-382-7456,,,,,,,,,,
Austin TX - guitar repair ,Stringer Strings,https://lh5.googleusercontent.com/p/AF1QipOUdy5qIN-LtVqKwRuvkTPPSgvXsvgDeVoucBZV=w408-h544-k-no,4.8,22,,אולפן הקלטות,https://www.google.com/maps/place/Stringer+Strings/data=!4m7!3m6!1s0x865b2f40e80d1193:0x40cf55fd4bb1caaf!8m2!3d30.4961382!4d-97.9236552!16s%2Fg%2F11fqt0wgc1!19sChIJkxEN6EAvW4YRr8qxS_1Vz0A?authuser=0&hl=iw&rclk=1," 
""Bought a few great guitars from him and one repair thanks again!""","18611 Farm to Market Rd 1431, Jonestown, TX 78645, ארצות הברית",,המקום סגור,ייפתח ביום יום ג׳ בשעה 11:00,2023-09-03 22:58:36,יום ראשוןסגוריום שני(יום העבודה)סגור ייתכנו שינויים בשעותיום שלישי11:00–20:00יום רביעי11:00–20:00יום חמישי11:00–20:00יום שישי11:00–20:00יום שבת11:00–20:00,30.4961382,-97.9236552,"F3WG+FG Jonestown, טקסס, ארצות הברית",https://stringerstringsguitars.com/?utm_campaign=gmb,+1 512-808-8726,,,,,,,,,,
Austin TX - guitar repair ,Just Roofing. LLC,https://streetviewpixels-pa.googleapis.com/v1/thumbnail?panoid=dyxEIADiDHyrWCMReVvunQ&cb_client=search.gws-prod.gps&w=408&h=240&yaw=122.57953&pitch=0&thumbfov=100,3.0,2,,חנות לתיקון כלי נגינה,https://www.google.com/maps/place/Just+Roofing.+LLC/data=!4m7!3m6!1s0x8644c8d8fe2bbabd:0x580bd3cedb3cb9ec!8m2!3d30.3807655!4d-97.6518017!16s%2Fg%2F1tgn53n9!19sChIJvbor_tjIRIYR7Lk8287TC1g?authuser=0&hl=iw&rclk=1,,"12041 Dessau Rd, Austin, TX 78754, ארצות הברית",נמצא בתוך: Bristol Heights,המקום סגור,ייפתח ביום יום ב׳ בשעה 7:00,2023-09-03 22:58:40,יום ראשוןסגוריום שני(יום העבודה)7:00–17:00 ייתכנו שינויים בשעותיום שלישי7:00–17:00יום רביעי7:00–17:00יום חמישי7:00–17:00יום שישי7:00–17:00יום שבת9:00–17:00,30.3807655,-97.6518017,"98JX+87 אוסטין, טקסס, ארצות הברית",http://www.musica.com/,+1 512-825-8819,,,,,,,,,,
Austin TX - guitar repair ,Rock n Roll Rentals,https://lh5.googleusercontent.com/p/AF1QipMwHq2EhPw6f3Dg9QfzAilleO6Z1s2FA37RiRUc=w408-h271-k-no,4.4,332,,שירות להשכרת כלי נגינה,https://www.google.com/maps/place/Rock+n+Roll+Rentals/data=!4m7!3m6!1s0x8644b4d3227312d7:0xc709c0093aaf7697!8m2!3d30.2480029!4d-97.7695139!16s%2Fg%2F1tjxg164!19sChIJ1xJzItO0RIYRl3avOgnACcc?authuser=0&hl=iw&rclk=1," 
""There are prices are unbeatable in the Austin market and they're ...""","1420 W Oltorf St, Austin, TX 78704, ארצות הברית",,המקום סגור,ייפתח ביום יום ג׳ בשעה 11:00,2023-09-03 22:58:44,יום ראשוןסגוריום שני(יום העבודה)סגור שעות פתיחה בחגיום שלישי11:00–18:00יום רביעי11:00–18:00יום חמישי11:00–18:00יום שישי11:00–18:00יום שבת11:00–17:30,30.2480029,-97.7695139,"66XJ+65 אוסטין, טקסס, ארצות הברית",http://www.rocknrollrentals.com/,+1 512-447-5305,,,,,,,,,,
Austin TX - guitar repair ,Guitar512,https://lh5.googleusercontent.com/p/AF1QipNdPXXqyBi86WTJOvEQmhzWDa8ZHa7GHSxAAmy3=w408-h306-k-no,5.0,14,,מורה לגיטרה,https://www.google.com/maps/place/Guitar512/data=!4m7!3m6!1s0x8644b4da6835a27b:0xd53aebfa34ec6b8f!8m2!3d30.32585!4d-97.771258!16s%2Fg%2F11g9n372sg!19sChIJe6I1aNq0RIYRj2vsNPrrOtU?authuser=0&hl=iw&rclk=1,,,,פתוח,ייסגר בשעה 20:00,2023-09-03 22:58:47,יום ראשון11:00–20:00יום שני(יום העבודה)11:00–21:00 ייתכנו שינויים בשעותיום שלישי11:00–21:00יום רביעיסגוריום חמישיסגוריום שישי11:00–20:00יום שבת11:00–19:00,30.32585,-97.771258,,,+1 512-571-3356,,,,,,,,,,
Austin TX - guitar repair ,Ken'z Guitars & Accessories,https://lh5.googleusercontent.com/p/AF1QipPIw1q5Jzf_fPXy8vgikIaCjyiO9kKVGUEdRfu_=w408-h906-k-no,4.7,135,,חנות גיטרות,https://www.google.com/maps/place/Ken%27z+Guitars+%26+Accessories/data=!4m7!3m6!1s0x8644d668297bd8ed:0xd8db6511bbc14854!8m2!3d30.6371655!4d-97.6768594!16s%2Fg%2F1tlvpy16!19sChIJ7dh7KWjWRIYRVEjBuxFl29g?authuser=0&hl=iw&rclk=1," 
""No need to go to Austin for guitar repair and servicing.""","705 S Main St, Georgetown, TX 78626, ארצות הברית",,פתוח,ייסגר בשעה 17:00,2023-09-03 22:58:51,יום ראשון13:00–17:00יום שני(יום העבודה)10:30–18:30 ייתכנו שינויים בשעותיום שלישי10:30–18:30יום רביעי10:30–18:30יום חמישי10:30–18:30יום שישי10:30–18:30יום שבת10:00–17:00,30.6371655,-97.6768594,"J8PF+V7 ג'ורג'טאון, טקסס, ארצות הברית",http://www.kenzguitars.com/,+1 512-869-8064,,,,,,,,,,
Austin TX - guitar repair ,Doctor Strings Instrument Repair,https://lh5.googleusercontent.com/p/AF1QipPs3MUDAhptJIAGu5gBYaMVpxNJRZiPc8dH37uV=w408-h544-k-no,5.0,2,,מרפאה,https://www.google.com/maps/place/Doctor+Strings+Instrument+Repair/data=!4m7!3m6!1s0x8644c9e5705c502f:0x621de143d0c65ef5!8m2!3d30.3204756!4d-97.6863562!16s%2Fg%2F11fjzhnzrp!19sChIJL1BccOXJRIYR9V7G0EPhHWI?authuser=0&hl=iw&rclk=1," 
""I was frantically calling technicians, both in Austin & Houston.""","6924-6800 Enterprise Ct, Austin, TX 78723, ארצות הברית",,פתוח,ייסגר בשעה 21:00,2023-09-03 22:58:55,יום ראשון9:00–21:00יום שני(יום העבודה)9:00–21:00 ייתכנו שינויים בשעותיום שלישי9:00–21:00יום רביעי9:00–21:00יום חמישי9:00–21:00יום שישי9:00–21:00יום שבת9:00–21:00,30.3204756,-97.6863562,"88C7+5F אוסטין, טקסס, ארצות הברית",http://doctorstrings.com/,+1 512-629-9668,,,,,,,,,,
Austin TX - guitar repair ,Banjo Haven,https://lh5.googleusercontent.com/p/AF1QipPKt81wXqmtRz_ndPADH00rdA1KGRyA2y9M40f1=w437-h240-k-no,5.0,5,,חנות לתיקון כלי נגינה,https://www.google.com/maps/place/Banjo+Haven/data=!4m7!3m6!1s0x8644cf20786fe779:0x7ff4d130c243efaa!8m2!3d31.1689103!4d-100.0768425!16s%2Fg%2F11h261_fz3!19sChIJeedveCDPRIYRqu9DwjDR9H8?authuser=0&hl=iw&rclk=1,,,,פתוח,ייסגר בשעה 22:00,2023-09-03 22:58:59,יום ראשון8:00–22:00יום שני(יום העבודה)19:00–22:00 ייתכנו שינויים בשעותיום שלישי19:00–22:00יום רביעי19:00–22:00יום חמישי19:00–22:00יום שישי8:00–22:00יום שבת8:00–22:00,31.1689103,-100.0768425,,http://www.4stringbanjos.com/,+1 512-745-2510,,,,,,,,,,
Austin TX - guitar repair ,Eastside Music School,https://lh5.googleusercontent.com/p/AF1QipPZhtqhZmwY_bSuw_mvRdQ_dWAXanOi1mpXbyge=w586-h240-k-no,5.0,23,,בית ספר למוסיקה,https://www.google.com/maps/place/Eastside+Music+School/data=!4m7!3m6!1s0x8644b5a58809fbd1:0x8c8f9d162a726176!8m2!3d30.2648957!4d-97.7342139!16s%2Fg%2F1tdcxgyk!19sChIJ0fsJiKW1RIYRdmFyKhadj4w?authuser=0&hl=iw&rclk=1," 
קבלת קהל במקום
·
שיעורים אונליין","501 N Interstate Hwy 35 #107, Austin, TX 78702, ארצות הברית",,פתוח,ייסגר בשעה 16:00,2023-09-03 22:59:03,יום ראשון10:00–16:00יום שני(יום העבודה)10:00–20:00 ייתכנו שינויים בשעותיום שלישי10:00–20:00יום רביעי10:00–20:00יום חמישי10:00–20:00יום שישי10:00–18:00יום שבת9:00–17:00,30.2648957,-97.7342139,"7778+X8 אוסטין, טקסס, ארצות הברית",https://eastsidemusic.com/,+1 512-777-1444,,,,,,,,,,
Austin TX - guitar repair ,Guitar Center,https://lh5.googleusercontent.com/p/AF1QipN_gg2FEPzglXLf0Zr4iJjVg7olRUW6MLZSGFhq=w408-h271-k-no,4.4,885,,חנות מוזיקה,https://www.google.com/maps/place/Guitar+Center/data=!4m7!3m6!1s0x8644d1e06018e75d:0xdffb4578e2241ac5!8m2!3d30.4888768!4d-97.6797974!16s%2Fg%2F1td2zvvz!19sChIJXecYYODRRIYRxRok4nhF-98?authuser=0&hl=iw&rclk=1," 
""... with the selector switch and the repair technician rememdied it as I ...""","2200 S I-35 Frontage Rd B4, Round Rock, TX 78681, ארצות הברית",,פתוח,ייסגר בשעה 19:00,2023-09-03 22:59:06,,30.4888768,-97.6797974,"F8QC+H3 ראונד רוק, טקסס, ארצות הברית",https://stores.guitarcenter.com/tx/roundrock/492?source=4GOA5AJBA,+1 512-244-0101,,,,,,,,,,
Austin TX - guitar repair ,Blackerby Violin Shop South,https://lh5.googleusercontent.com/p/AF1QipM2cOcnpPDWGNUZDXCYKfAjFfn1g--mM0EW62nE=w408-h272-k-no,4.9,11,,חנות כינורות,https://www.google.com/maps/place/Blackerby+Violin+Shop+South/data=!4m7!3m6!1s0x865b4d734a8dd3f9:0xa8c3b3d2c9775dd0!8m2!3d30.182278!4d-97.8481212!16s%2Fg%2F11fpk0swff!19sChIJ-dONSnNNW4YR0F13ydKzw6g?authuser=0&hl=iw&rclk=1," 
""A great place to check out if you play a stringed instrument""","3401 W Slaughter Ln, Austin, TX 78748, ארצות הברית",,המקום סגור,ייפתח ביום יום ג׳ בשעה 10:00,2023-09-03 22:59:10,יום ראשוןסגוריום שני(יום העבודה)סגור ייתכנו שינויים בשעותיום שלישי10:00–18:00יום רביעי10:00–18:00יום חמישי10:00–18:00יום שישי10:00–18:00יום שבת10:00–17:00,30.182278,-97.8481212,"55J2+WQ אוסטין, טקסס, ארצות הברית",http://www.violinshop.com/,+1 512-284-8879,,,,,,,,,,
Austin TX - guitar repair ,Craig’s Violins,https://lh5.googleusercontent.com/p/AF1QipNwlIE81NTnJzyutS7LmnMZy9mrS0WNcH0RgFHW=w408-h306-k-no,5.0,18,,חנות כינורות,https://www.google.com/maps/place/Craig%E2%80%99s+Violins/data=!4m7!3m6!1s0x865b3ce22fb40d7d:0x77f1152b85180098!8m2!3d30.3637787!4d-97.9817127!16s%2Fg%2F1261jqytp!19sChIJfQ20L-I8W4YRmAAYhSsV8Xc?authuser=0&hl=iw&rclk=1," 
""He provides lessons and repair services as well.""","1200 Lakeway Dr, Lakeway, TX 78734, ארצות הברית",נמצא בתוך: Lakeway Village Square,המקום סגור,ייפתח ביום יום ב׳ בשעה 11:00,2023-09-03 22:59:14,יום ראשוןסגוריום שני(יום העבודה)11:00–19:00 ייתכנו שינויים בשעותיום שלישי11:00–19:00יום רביעי11:00–19:00יום חמישי11:00–18:00יום שישי11:00–19:00יום שבת13:00–19:00,30.3637787,-97.9817127,"9279+G8 Lakeway, טקסס, ארצות הברית",http://craigsviolins.com/,+1 512-797-9155,,,,,,,,,,
Austin TX - guitar repair ,Austin Stereo Service,https://lh5.googleusercontent.com/p/AF1QipOKffb68yL-hahfiu7W5VbuOOUvcjSUmV5hRa5i=w408-h613-k-no,4.8,75,,חנות למערכות סטריאו,https://www.google.com/maps/place/Austin+Stereo+Service/data=!4m7!3m6!1s0x8644ca58f2d447d3:0xa33f623a3dbb56e8!8m2!3d30.3298269!4d-97.7402879!16s%2Fg%2F1tgx2dtn!19sChIJ00fU8ljKRIYR6Fa7PTpiP6M?authuser=0&hl=iw&rclk=1," 
""Have had several repairs done here. Very consistent.""","5448 Burnet Rd #5, Austin, TX 78756, ארצות הברית",,המקום סגור,ייפתח ביום יום ג׳ בשעה 10:00,2023-09-03 22:59:18,יום ראשוןסגוריום שני(יום העבודה)סגור ייתכנו שינויים בשעותיום שלישי10:00–18:00יום רביעי10:00–18:00יום חמישי10:00–18:00יום שישי10:00–18:00יום שבת12:00–18:00,30.3298269,-97.7402879,"87H5+WV אוסטין, טקסס, ארצות הברית",http://www.austinstereo.com/,+1 512-451-0408,,,,,,,,,,
Austin TX - guitar repair ,Mutant Music Store,https://lh5.googleusercontent.com/p/AF1QipNVOCVLvTZibVOAU_OpUr2xqHGW0P6YYaeOsm2k=w408-h408-k-no,4.1,8,,חנות לכלי נגינה,https://www.google.com/maps/place/Mutant+Music+Store/data=!4m7!3m6!1s0x865b490a89440177:0x4b2f37bb1b9dbdb6!8m2!3d30.2426261!4d-97.8964415!16s%2Fg%2F1tf1p7r4!19sChIJdwFEiQpJW4YRtr2dG7s3L0s?authuser=0&hl=iw&rclk=1," 
קנייה בחנות
·
איסוף עצמי בחנות","8424 Red Willow Dr, Austin, TX 78736, ארצות הברית",,פתוח,ייסגר בשעה 19:00,2023-09-03 22:59:21,יום ראשון10:00–19:00יום שני(יום העבודה)10:00–19:00 ייתכנו שינויים בשעותיום שלישי10:00–19:00יום רביעי10:00–19:00יום חמישי10:00–19:00יום שישי10:00–19:00יום שבת10:00–19:00,30.2426261,-97.8964415,"64V3+3C אוסטין, טקסס, ארצות הברית",http://www.mutantmusicstore.com/,+1 512-698-5799,,,,,,,,,,
Austin TX - guitar repair ,MusicMasters Piano Showroom,https://lh5.googleusercontent.com/p/AF1QipMD51OrKmbi0Ho5cQrcShW08j3Lp_3uSZaptwXr=w408-h306-k-no,5.0,145,,חנות פסנתרים,https://www.google.com/maps/place/MusicMasters+Piano+Showroom/data=!4m7!3m6!1s0x865b49a1aabc12d7:0x75866f4dfec8671e!8m2!3d30.2239497!4d-97.9535718!16s%2Fg%2F1tdcrz2l!19sChIJ1xK8qqFJW4YRHmfI_k1vhnU?authuser=0&hl=iw&rclk=1," 
""I had a few question about piano repair and I was given with a great ...""","11190 Circle Dr #102, Austin, TX 78736, ארצות הברית",נמצא בתוך: Biz Park 290W,המקום סגור,ייפתח ביום יום ב׳ בשעה 11:00,2023-09-03 22:59:25,יום ראשוןסגוריום שני(יום העבודה)11:00–18:00 ייתכנו שינויים בשעותיום שלישי11:00–18:00יום רביעי11:00–18:00יום חמישי11:00–18:00יום שישי11:00–18:00יום שבת10:00–18:00,30.2239497,-97.9535718,"62FW+HH אוסטין, טקסס, ארצות הברית",http://musicmasterspianoshowroom.com/,+1 512-301-3503,,,,,,,,,,
Austin TX - guitar repair ,Fiddler's Green Music Shop,https://lh5.googleusercontent.com/p/AF1QipPxmCGAE1IgrKmAfcPIzwcHr-pHsYYix080Q5j1=w408-h544-k-no,4.8,111,,חנות לכלי נגינה,https://www.google.com/maps/place/Fiddler%27s+Green+Music+Shop/data=!4m7!3m6!1s0x8644ca9aea7fc84b:0x393a46fce827a3e1!8m2!3d29.885175!4d-97.672254!16s%2Fg%2F1tm2b1ld!19sChIJS8h_6prKRIYR4aMn6PxGOjk?authuser=0&hl=iw&rclk=1," 
""Best music store in Austin!""","108 N Main St, Lockhart, TX 78644, ארצות הברית",,המקום סגור,ייפתח ביום יום ד׳ בשעה 10:00,2023-09-03 22:59:29,,29.885175,-97.672254,"V8PH+33 Lockhart, טקסס, ארצות הברית",http://www.fiddlersgreenmusicshop.com/,+1 512-452-3900,,,,,,,,,,
Austin TX - guitar repair ,Blake's Music Shop,https://lh5.googleusercontent.com/p/AF1QipOu638TGO8u9b87Ai99bD1IKOHQhwATqYFz_b9w=w408-h306-k-no,4.7,35,,חנות גיטרות,https://www.google.com/maps/place/Blake%27s+Music+Shop/data=!4m7!3m6!1s0x86449be1fb7c5a69:0x844dc2b9709792b8!8m2!3d30.112094!4d-97.3202454!16s%2Fg%2F11m7wv3fvs!19sChIJaVp8--GbRIYRuJKXcLnCTYQ?authuser=0&hl=iw&rclk=1," 
""... anyone lookin for a music shop near Bastrop/Austin/Houston etc.""","1112 Main St, Bastrop, TX 78602, ארצות הברית",,פתוח,ייסגר בשעה 18:00,2023-09-03 22:59:33,יום ראשון11:00–18:00יום שני(יום העבודה)סגור ייתכנו שינויים בשעותיום שלישיסגוריום רביעי11:00–18:00יום חמישי11:00–18:00יום שישי11:00–18:00יום שבת11:00–18:00,30.112094,-97.3202454,"4M6H+RW Bastrop, טקסס, ארצות הברית",http://www.blakesmusicshop.com/,+1 512-985-7849,,,,,,,,,,
Austin TX - guitar repair ,The Lutherie,https://lh5.googleusercontent.com/p/AF1QipMOfAEIJucTzEXrGgEbCp24aqGJvyt734-CJeIm=w408-h570-k-no,4.7,43,,חנות גיטרות,https://www.google.com/maps/place/The+Lutherie/data=!4m7!3m6!1s0x864540175bb5f7f5:0x24b5cee759fa63d8!8m2!3d31.1186951!4d-97.3426931!16s%2Fg%2F1hg41nf62!19sChIJ9fe1WxdARYYR2GP6WefOtSQ?authuser=0&hl=iw&rclk=1," 
""Dow is very wise and experienced in musical instrument repair and ...""","2102 Monticello Rd, Temple, TX 76501, ארצות הברית",,המקום סגור,ייפתח ביום יום ב׳ בשעה 8:00,2023-09-03 22:59:37,יום ראשוןסגוריום שני(יום העבודה)8:00–18:00 ייתכנו שינויים בשעותיום שלישי8:00–18:00יום רביעי8:00–18:00יום חמישי8:00–18:00יום שישי8:00–18:00יום שבת8:00–12:00,31.1186951,-97.3426931,"4M94+FW טמפל, טקסס, ארצות הברית",http://thelutherie.net/wp/,+1 254-289-4257,,,,,,,,,,
Austin TX - guitar repair ,Cardinal Instruments,https://streetviewpixels-pa.googleapis.com/v1/thumbnail?panoid=OZE2GKVr4Mj8VZKBP4s18A&cb_client=search.gws-prod.gps&w=408&h=240&yaw=119.19321&pitch=0&thumbfov=100,5.0,1,,חנות לתיקון כלי נגינה,https://www.google.com/maps/place/Cardinal+Instruments/data=!4m7!3m6!1s0x8644b5933d3e4d0f:0x3a64d331a51940a9!8m2!3d30.2849792!4d-97.72121!16s%2Fg%2F11c1vkplxw!19sChIJD00-PZO1RIYRqUAZpTHTZDo?authuser=0&hl=iw&rclk=1,,"2317 Lafayette Ave, Austin, TX 78722, ארצות הברית",,+1 512-297-3859,,2023-09-03 22:59:40,,30.2849792,-97.72121,"77MH+XG אוסטין, טקסס, ארצות הברית",http://www.cardinalinstruments.com/contact/,+1 512-297-3859,,,,,,,,,,
Austin TX - guitar repair ,Pace Guitar Repair,https://lh5.googleusercontent.com/p/AF1QipMW_qawAIwKpwUhyuPTV6Jum7w8WhVuQB66Wl3j=w408-h839-k-no,4.2,73,,חנות לתיקון כלי נגינה,https://www.google.com/maps/place/Pace+Guitar+Repair/data=!4m7!3m6!1s0x8640c3ba28bb2929:0x33551d9c0f68fd48!8m2!3d29.7348441!4d-95.5042764!16s%2Fg%2F1tgm37h7!19sChIJKSm7KLrDQIYRSP1oD5wdVTM?authuser=0&hl=iw&rclk=1," 
""i live in austin and make a trip to houston just ...""","7702 Highmeadow Dr, Houston, TX 77063, ארצות הברית",,המקום סגור,ייפתח ביום יום ג׳ בשעה 11:00,2023-09-03 22:59:44,יום ראשוןסגוריום שני(יום העבודה)סגור ייתכנו שינויים בשעותיום שלישי11:00–13:1514:15–18:00יום רביעי11:00–13:1514:15–18:00יום חמישי11:00–13:1514:15–18:00יום שישי11:00–13:1514:15–18:00יום שבת11:00–15:00,29.7348441,-95.5042764,"PFMW+W7 Mid-West, יוסטון, טקסס, ארצות הברית",http://www.paceguitarrepair.com/,+1 713-339-9000,,,,,,,,,,
Austin TX - guitar repair ,"Armadillo Machine Works, LLC",https://streetviewpixels-pa.googleapis.com/v1/thumbnail?panoid=C2ApPxnkiqZApo5lK7UTEg&cb_client=search.gws-prod.gps&w=408&h=240&yaw=22.506481&pitch=0&thumbfov=100,5.0,2,,חנות גיטרות,"https://www.google.com/maps/place/Armadillo+Machine+Works,+LLC/data=!4m7!3m6!1s0x8644b5f05761e5ef:0xd2edcbe6563ea36f!8m2!3d30.2918169!4d-97.7111257!16s%2Fg%2F1ptwhlwhp!19sChIJ7-VhV_C1RIYRb6M-VubL7dI?authuser=0&hl=iw&rclk=1"," 
קנייה בחנות","3813 Willowbrook Dr, Austin, TX 78722, ארצות הברית",,המקום סגור,ייפתח ביום יום ב׳ בשעה 11:00,2023-09-03 22:59:48,יום ראשוןסגוריום שני(יום העבודה)11:00–17:30 ייתכנו שינויים בשעותיום שלישי11:00–17:30יום רביעי11:00–17:30יום חמישי11:00–17:30יום שישי11:00–17:30יום שבתסגור,30.2918169,-97.7111257,"77RQ+PG אוסטין, טקסס, ארצות הברית",http://www.armadilloguitar.com/,+1 512-809-9971,,,,,,,,,,
Austin TX - guitar repair ,Steinway Piano Gallery,https://lh5.googleusercontent.com/p/AF1QipNiMHMlkr3VxD1vnEz6d4WlOKCPBJHIOTxpJgGW=w408-h305-k-no,4.8,89,,חנות לכלי נגינה,https://www.google.com/maps/place/Steinway+Piano+Gallery/data=!4m7!3m6!1s0x8644cd638d28a3c5:0xde82a31761749f56!8m2!3d30.4371064!4d-97.7767275!16s%2Fg%2F1tdd11_m!19sChIJxaMojWPNRIYRVp90YRejgt4?authuser=0&hl=iw&rclk=1," 
קנייה בחנות
·
איסוף עצמי בחנות
·
משלוחים","12980 Research Blvd, Austin, TX 78750, ארצות הברית",,המקום סגור,ייפתח ביום יום ב׳ בשעה 10:00,2023-09-03 22:59:52,יום ראשוןסגוריום שני(יום העבודה)10:00–18:00 ייתכנו שינויים בשעותיום שלישי10:00–18:00יום רביעי10:00–18:00יום חמישי10:00–18:00יום שישי10:00–18:00יום שבת10:00–18:00,30.4371064,-97.7767275,"C6PF+R8 אוסטין, טקסס, ארצות הברית",http://www.steinwayofaustin.com/,+1 512-258-6100,,,,,,,,,,
Austin TX - guitar repair ,Music & Arts,https://lh5.googleusercontent.com/p/AF1QipP-aB2c3iUqgzlMbYODkfdpo5TBMd06kGtcLsHx=w408-h240-k-no-pi0-ya359.08728-ro-0-fo100,4.7,27,,חנות מוזיקה,https://www.google.com/maps/place/Music+%26+Arts/data=!4m7!3m6!1s0x865b33b748e21263:0x9e70d072f6373d76!8m2!3d30.4691312!4d-97.7999404!16s%2Fg%2F11h3bjpsct!19sChIJYxLiSLczW4YRdj039nLQcJ4?authuser=0&hl=iw&rclk=1," 
""Fantastic customer service One of our kids started taking guitar ...""","11066 Pecan Park Blvd B201, Cedar Park, TX 78613, ארצות הברית",,פתוח,ייסגר בשעה 17:00,2023-09-03 22:59:56,יום ראשון12:00–17:00יום שני(יום העבודה)11:00–20:00 ייתכנו שינויים בשעותיום שלישי11:00–20:00יום רביעי11:00–20:00יום חמישי11:00–20:00יום שישי11:00–20:00יום שבת10:00–17:00,30.4691312,-97.7999404,"F692+M2 פארק סידר, טקסס, ארצות הברית",https://stores.musicarts.com/tx/cedarpark/music-store-6924.html,+1 512-506-8824,,,,,,,,,,
Austin TX - guitar repair ,Guitar Shack Repairs,https://lh5.googleusercontent.com/p/AF1QipMqIfY4v8kHqKD8hXFwbOZUWxBn4ae2MrN4cQhs=w408-h306-k-no,,,,חנות גיטרות,https://www.google.com/maps/place/Guitar+Shack+Repairs/data=!4m7!3m6!1s0x8644b5f5ad037831:0xc6fc847ebe13c297!8m2!3d30.2334626!4d-97.7280278!16s%2Fg%2F11v9vpbrcd!19sChIJMXgDrfW1RIYRl8ITvn6E_MY?authuser=0&hl=iw&rclk=1,,"1905 Willow Creek Dr, Austin, TX 78741, ארצות הברית",,המקום סגור,ייפתח ביום יום ב׳ בשעה 0:00,2023-09-03 22:59:59,יום ראשוןסגוריום שני(יום העבודה)פתוח 24 שעות ייתכנו שינויים בשעותיום שלישיפתוח 24 שעותיום רביעיפתוח 24 שעותיום חמישיפתוח 24 שעותיום שישיפתוח 24 שעותיום שבתפתוח 24 שעות,30.2334626,-97.7280278,"67MC+9Q אוסטין, טקסס, ארצות הברית",,+1 915-319-1473,,,,,,,,,,
Austin TX - guitar repair ,ATX Guitar Repair,https://lh5.googleusercontent.com/p/AF1QipMkkVZvXgc9kLTeKBl3v83g1WTQhWunXalWZ6UL=w408-h544-k-no,5.0,22,,חנות לתיקון כלי נגינה,https://www.google.com/maps/place/ATX+Guitar+Repair/data=!4m7!3m6!1s0x8644ca1cbd133a8d:0x293ef952346b4b60!8m2!3d30.3139762!4d-97.7028527!16s%2Fg%2F1s04cxz66!19sChIJjToTvRzKRIYRYEtrNFL5Pik?authuser=0&hl=iw&rclk=1," 
""But I was compelled to do so after today. As long as I live in Austin.""","1204 Ridgemont Dr, Austin, TX 78723, ארצות הברית",,סגור זמנית,,2023-09-03 23:00:03,,30.3139762,-97.7028527,"877W+HV אוסטין, טקסס, ארצות הברית",http://atxguitarrepair.com/,+1 512-825-2087,,,,,,,,,,
